Source_1,Source_2,Source_3,Drain_1,Drain_2,Drain_3,Gate_1,Gate_2,Gate_3
0.000000000e+000,0.000000000e+000,2.241082661e-017,0.000000000e+000,0.000000000e+000,3.631027982e-017,0.000000000e+000,0.000000000e+000,3.395785113e-017
0.000000000e+000,0.000000000e+000,2.598030499e-017,0.000000000e+000,0.000000000e+000,3.707516804e-017,0.000000000e+000,0.000000000e+000,3.587803928e-017
0.000000000e+000,0.000000000e+000,-1.559666340e-005,3.125000000e-002,3.125000000e-002,1.559666340e-005,0.000000000e+000,0.000000000e+000,1.489939509e-018
0.000000000e+000,0.000000000e+000,-3.112394339e-005,6.250000000e-002,6.250000000e-002,3.112394339e-005,0.000000000e+000,0.000000000e+000,-5.218767627e-018
0.000000000e+000,0.000000000e+000,-6.196204961e-005,1.250000000e-001,1.250000000e-001,6.196204961e-005,0.000000000e+000,0.000000000e+000,5.816347497e-019
0.000000000e+000,0.000000000e+000,-1.227173850e-004,2.500000000e-001,2.500000000e-001,1.227173850e-004,0.000000000e+000,0.000000000e+000,-8.445630844e-019
0.000000000e+000,0.000000000e+000,-2.401445985e-004,5.000000000e-001,5.000000000e-001,2.401445985e-004,0.000000000e+000,0.000000000e+000,-1.474002368e-018
0.000000000e+000,0.000000000e+000,-4.556932470e-004,1.000000000e+000,1.000000000e+000,4.556932470e-004,0.000000000e+000,0.000000000e+000,-7.513432316e-018
0.000000000e+000,0.000000000e+000,-6.408182085e-004,1.500000000e+000,1.500000000e+000,6.408182085e-004,0.000000000e+000,0.000000000e+000,2.788655971e-018
0.000000000e+000,0.000000000e+000,-7.932267544e-004,2.000000000e+000,2.000000000e+000,7.932267544e-004,0.000000000e+000,0.000000000e+000,5.593246117e-018
0.000000000e+000,0.000000000e+000,-9.134816261e-004,2.500000000e+000,2.500000000e+000,9.134816261e-004,0.000000000e+000,0.000000000e+000,2.501822874e-018
0.000000000e+000,0.000000000e+000,-1.004069208e-003,3.000000000e+000,3.000000000e+000,1.004069208e-003,0.000000000e+000,0.000000000e+000,-5.218767645e-018
0.000000000e+000,0.000000000e+000,-1.069142608e-003,3.500000000e+000,3.500000000e+000,1.069142608e-003,0.000000000e+000,0.000000000e+000,-1.728965124e-018
0.000000000e+000,0.000000000e+000,-1.113042492e-003,4.000000000e+000,4.000000000e+000,1.113042492e-003,0.000000000e+000,0.000000000e+000,-1.085185072e-017
0.000000000e+000,0.000000000e+000,-1.140526460e-003,4.500000000e+000,4.500000000e+000,1.140526460e-003,0.000000000e+000,0.000000000e+000,-5.123156626e-018
0.000000000e+000,0.000000000e+000,-1.157258504e-003,5.000000000e+000,5.000000000e+000,1.157258504e-003,0.000000000e+000,0.000000000e+000,1.314652597e-018
0.000000000e+000,0.000000000e+000,-1.168173251e-003,5.500000000e+000,5.500000000e+000,1.168173251e-003,0.000000000e+000,0.000000000e+000,1.109884780e-017
0.000000000e+000,0.000000000e+000,-1.176109136e-003,6.000000000e+000,6.000000000e+000,1.176109136e-003,0.000000000e+000,0.000000000e+000,1.003916754e-018
0.000000000e+000,0.000000000e+000,-1.182378261e-003,6.500000000e+000,6.500000000e+000,1.182378261e-003,0.000000000e+000,0.000000000e+000,-2.828491960e-018
0.000000000e+000,0.000000000e+000,-1.187594231e-003,7.000000000e+000,7.000000000e+000,1.187594231e-003,0.000000000e+000,0.000000000e+000,1.093949608e-017
0.000000000e+000,0.000000000e+000,-1.192081870e-003,7.500000000e+000,7.500000000e+000,1.192081870e-003,0.000000000e+000,0.000000000e+000,3.704928255e-018
0.000000000e+000,0.000000000e+000,-1.196037586e-003,8.000000000e+000,8.000000000e+000,1.196037586e-003,0.000000000e+000,0.000000000e+000,-4.119240667e-018
0.000000000e+000,0.000000000e+000,-1.199587307e-003,8.500000000e+000,8.500000000e+000,1.199587307e-003,0.000000000e+000,0.000000000e+000,2.884266963e-018
0.000000000e+000,0.000000000e+000,-1.202813961e-003,9.000000000e+000,9.000000000e+000,1.202813961e-003,0.000000000e+000,0.000000000e+000,8.764438950e-020
0.000000000e+000,0.000000000e+000,-1.205774686e-003,9.500000000e+000,9.500000000e+000,1.205774686e-003,0.000000000e+000,0.000000000e+000,-2.868329785e-018
0.000000000e+000,0.000000000e+000,-1.208511584e-003,1.000000000e+001,1.000000000e+001,1.208511584e-003,0.000000000e+000,0.000000000e+000,2.756786065e-018
0.000000000e+000,0.000000000e+000,-1.211057546e-003,1.050000000e+001,1.050000000e+001,1.211057546e-003,0.000000000e+000,0.000000000e+000,-3.904107466e-019
0.000000000e+000,0.000000000e+000,-1.213437707e-003,1.100000000e+001,1.100000000e+001,1.213437707e-003,0.000000000e+000,0.000000000e+000,5.848208703e-018
0.000000000e+000,0.000000000e+000,-1.215674025e-003,1.150000000e+001,1.150000000e+001,1.215674025e-003,0.000000000e+000,0.000000000e+000,-4.589328101e-018
0.000000000e+000,0.000000000e+000,-1.217785405e-003,1.200000000e+001,1.200000000e+001,1.217785405e-003,0.000000000e+000,0.000000000e+000,1.816612031e-018
0.000000000e+000,0.000000000e+000,-1.219786229e-003,1.250000000e+001,1.250000000e+001,1.219786229e-003,0.000000000e+000,0.000000000e+000,4.127209521e-018
0.000000000e+000,0.000000000e+000,-1.220748957e-003,1.275000000e+001,1.275000000e+001,1.220748957e-003,0.000000000e+000,0.000000000e+000,-6.302359469e-018
0.000000000e+000,0.000000000e+000,-1.221221474e-003,1.287500000e+001,1.287500000e+001,1.221221474e-003,0.000000000e+000,0.000000000e+000,7.704655947e-018
0.000000000e+000,0.000000000e+000,-1.221688281e-003,1.300000000e+001,1.300000000e+001,1.221688281e-003,0.000000000e+000,0.000000000e+000,4.493717654e-018
0.000000000e+000,0.000000000e+000,-1.223500606e-003,1.350000000e+001,1.350000000e+001,1.223500606e-003,0.000000000e+000,0.000000000e+000,-2.724909615e-018
0.000000000e+000,0.000000000e+000,-1.224375168e-003,1.375000000e+001,1.375000000e+001,1.224375168e-003,0.000000000e+000,0.000000000e+000,4.947884063e-018
0.000000000e+000,0.000000000e+000,-1.225229661e-003,1.400000000e+001,1.400000000e+001,1.225229661e-003,0.000000000e+000,0.000000000e+000,5.832271929e-018
0.000000000e+000,0.000000000e+000,-1.226880302e-003,1.450000000e+001,1.450000000e+001,1.226880302e-003,0.000000000e+000,0.000000000e+000,-5.162994449e-018
0.000000000e+000,0.000000000e+000,-1.228457852e-003,1.500000000e+001,1.500000000e+001,1.228457852e-003,0.000000000e+000,0.000000000e+000,5.609183497e-018
0.000000000e+000,0.000000000e+000,-1.229968971e-003,1.550000000e+001,1.550000000e+001,1.229968971e-003,0.000000000e+000,0.000000000e+000,3.354359700e-018
0.000000000e+000,0.000000000e+000,-1.231420019e-003,1.600000000e+001,1.600000000e+001,1.231420019e-003,0.000000000e+000,0.000000000e+000,2.278729494e-018
0.000000000e+000,0.000000000e+000,-1.232815208e-003,1.650000000e+001,1.650000000e+001,1.232815208e-003,0.000000000e+000,0.000000000e+000,-8.843964104e-019
0.000000000e+000,0.000000000e+000,-1.234158143e-003,1.700000000e+001,1.700000000e+001,1.234158143e-003,0.000000000e+000,0.000000000e+000,-1.211071650e-018
0.000000000e+000,0.000000000e+000,-1.235452455e-003,1.750000000e+001,1.750000000e+001,1.235452455e-003,0.000000000e+000,0.000000000e+000,2.716948087e-018
0.000000000e+000,0.000000000e+000,-1.236701907e-003,1.800000000e+001,1.800000000e+001,1.236701907e-003,0.000000000e+000,0.000000000e+000,-9.672644701e-018
0.000000000e+000,0.000000000e+000,-1.237910029e-003,1.850000000e+001,1.850000000e+001,1.237910029e-003,0.000000000e+000,0.000000000e+000,7.385952879e-018
0.000000000e+000,0.000000000e+000,-1.238499578e-003,1.875000000e+001,1.875000000e+001,1.238499578e-003,0.000000000e+000,0.000000000e+000,-5.888047926e-018
0.000000000e+000,0.000000000e+000,-1.239079870e-003,1.900000000e+001,1.900000000e+001,1.239079870e-003,0.000000000e+000,0.000000000e+000,6.095204229e-018
0.000000000e+000,0.000000000e+000,-1.240213980e-003,1.950000000e+001,1.950000000e+001,1.240213980e-003,0.000000000e+000,0.000000000e+000,-1.593393079e-020
0.000000000e+000,0.000000000e+000,-1.241314893e-003,2.000000000e+001,2.000000000e+001,1.241314893e-003,0.000000000e+000,0.000000000e+000,1.071639683e-017
